{"cameraMode":{"drawMode":0,"name":"Shaded","section":"Shading Mode"},"sceneLighting":false,"audioPlay":false,"sceneViewState":{"showFog":true,"showMaterialUpdate":false,"showSkybox":true,"showFlares":true,"showImageEffects":true,"showParticleSystems":true},"in2DMode":false,"pivot":{"x":0.01913107931613922,"y":0.7521419525146484,"z":9.533940315246582},"rotation":{"x":-0.24209555983543397,"y":-0.0025864935014396908,"z":0.0006681585800834,"w":-0.970248818397522},"size":13.246490478515625,"orthographic":false}