{"cameraMode":{"drawMode":0,"name":"Shaded","section":"Shading Mode"},"sceneLighting":false,"audioPlay":false,"sceneViewState":{"showFog":true,"showMaterialUpdate":false,"showSkybox":true,"showFlares":true,"showImageEffects":true,"showParticleSystems":true},"in2DMode":false,"pivot":{"x":-1.9617199897766114,"y":-4.541116237640381,"z":16.458724975585939},"rotation":{"x":-0.18019850552082063,"y":0.059305064380168918,"z":-0.010862999595701695,"w":-0.9817807674407959},"size":20.312402725219728,"orthographic":false}