{"cameraMode":{"drawMode":0,"name":"Shaded","section":"Shading Mode"},"sceneLighting":false,"audioPlay":false,"sceneViewState":{"showFog":true,"showMaterialUpdate":false,"showSkybox":true,"showFlares":true,"showImageEffects":true,"showParticleSystems":true},"in2DMode":false,"pivot":{"x":0.09278607368469238,"y":2.0630340576171877,"z":1.6402647495269776},"rotation":{"x":-0.2621707022190094,"y":0.04083580896258354,"z":-0.011083741672337056,"w":-0.9640933871269226},"size":3.030478000640869,"orthographic":false}