{"cameraMode":{"drawMode":0,"name":"Shaded","section":"Shading Mode"},"sceneLighting":false,"audioPlay":false,"sceneViewState":{"showFog":true,"showMaterialUpdate":false,"showSkybox":true,"showFlares":true,"showImageEffects":true,"showParticleSystems":true},"in2DMode":false,"pivot":{"x":-0.41559118032455447,"y":-4.3574113845825199,"z":18.008577346801759},"rotation":{"x":-0.16567179560661317,"y":0.029907235875725747,"z":-0.005005722399801016,"w":-0.9857146739959717},"size":21.572139739990236,"orthographic":false}