{"cameraMode":{"drawMode":0,"name":"Shaded","section":"Shading Mode"},"sceneLighting":false,"audioPlay":false,"sceneViewState":{"showFog":true,"showMaterialUpdate":false,"showSkybox":true,"showFlares":true,"showImageEffects":true,"showParticleSystems":true},"in2DMode":false,"pivot":{"x":-0.2551143169403076,"y":1.2531245946884156,"z":1.340644359588623},"rotation":{"x":-0.11966913938522339,"y":0.031596358865499499,"z":-0.0037896025460213424,"w":-0.9923036694526672},"size":1.6274394989013672,"orthographic":false}