{"cameraMode":{"drawMode":0,"name":"Shaded","section":"Shading Mode"},"sceneLighting":false,"audioPlay":false,"sceneViewState":{"showFog":true,"showMaterialUpdate":false,"showSkybox":true,"showFlares":true,"showImageEffects":true,"showParticleSystems":true},"in2DMode":false,"pivot":{"x":995.19970703125,"y":668.6776123046875,"z":46.241424560546878},"rotation":{"x":0.07643888145685196,"y":0.01969991810619831,"z":-0.0015333691844716669,"w":0.9968785047531128},"size":590.8316650390625,"orthographic":false}