{"cameraMode":{"drawMode":0,"name":"Shaded","section":"Shading Mode"},"sceneLighting":false,"audioPlay":false,"sceneViewState":{"showFog":true,"showMaterialUpdate":false,"showSkybox":true,"showFlares":true,"showImageEffects":true,"showParticleSystems":true},"in2DMode":false,"pivot":{"x":-0.47886982560157778,"y":-1.692216396331787,"z":6.962455749511719},"rotation":{"x":0.23945994675159455,"y":-0.005524774547666311,"z":0.0013625840656459332,"w":0.9708895683288574},"size":10.779333114624024,"orthographic":false}