{"cameraMode":{"drawMode":0,"name":"Shaded","section":"Shading Mode"},"sceneLighting":false,"audioPlay":false,"sceneViewState":{"showFog":true,"showMaterialUpdate":false,"showSkybox":true,"showFlares":true,"showImageEffects":true,"showParticleSystems":true},"in2DMode":false,"pivot":{"x":-1.4018868207931519,"y":0.7338459491729736,"z":0.7967507839202881},"rotation":{"x":-0.09575489908456803,"y":0.04808592423796654,"z":-0.00461070891469717,"w":-0.9942321181297302},"size":3.892486333847046,"orthographic":false}