{"cameraMode":{"drawMode":0,"name":"Shaded","section":"Shading Mode"},"sceneLighting":false,"audioPlay":false,"sceneViewState":{"showFog":true,"showMaterialUpdate":false,"showSkybox":true,"showFlares":true,"showImageEffects":true,"showParticleSystems":true},"in2DMode":false,"pivot":{"x":-1.0764766931533814,"y":1.09658944606781,"z":-1.5727651119232178},"rotation":{"x":-0.10173501074314118,"y":0.04657023027539253,"z":-0.004746012855321169,"w":-0.9937096238136292},"size":0.08224403858184815,"orthographic":false}