{"cameraMode":{"drawMode":0,"name":"Shaded","section":"Shading Mode"},"sceneLighting":false,"audioPlay":false,"sceneViewState":{"showFog":true,"showMaterialUpdate":false,"showSkybox":true,"showFlares":true,"showImageEffects":true,"showParticleSystems":true},"in2DMode":false,"pivot":{"x":-0.23214837908744813,"y":1.1195002794265748,"z":0.44119513034820559},"rotation":{"x":-0.28659188747406008,"y":0.37080252170562746,"z":-0.12142699956893921,"w":-0.8750005960464478},"size":0.4710425138473511,"orthographic":false}