{"cameraMode":{"drawMode":0,"name":"Shaded","section":"Shading Mode"},"sceneLighting":false,"audioPlay":false,"sceneViewState":{"showFog":true,"showMaterialUpdate":false,"showSkybox":true,"showFlares":true,"showImageEffects":true,"showParticleSystems":true},"in2DMode":false,"pivot":{"x":0.09263184666633606,"y":0.9243606328964233,"z":1.2821893692016602},"rotation":{"x":-0.11966913938522339,"y":0.031596358865499499,"z":-0.0037896025460213424,"w":-0.9923036694526672},"size":3.9576337337493898,"orthographic":false}