{"cameraMode":{"drawMode":0,"name":"Shaded","section":"Shading Mode"},"sceneLighting":false,"audioPlay":false,"sceneViewState":{"showFog":true,"showMaterialUpdate":false,"showSkybox":true,"showFlares":true,"showImageEffects":true,"showParticleSystems":true},"in2DMode":false,"pivot":{"x":-0.8049428462982178,"y":0.43668901920318606,"z":0.7982433438301086},"rotation":{"x":-0.4059617221355438,"y":0.3298492431640625,"z":-0.1599307358264923,"w":-0.8371480107307434},"size":1.3024208545684815,"orthographic":false}