{"cameraMode":{"drawMode":0,"name":"Shaded","section":"Shading Mode"},"sceneLighting":false,"audioPlay":false,"sceneViewState":{"showFog":true,"showMaterialUpdate":false,"showSkybox":true,"showFlares":true,"showImageEffects":true,"showParticleSystems":true},"in2DMode":false,"pivot":{"x":0.02457648515701294,"y":0.8856627941131592,"z":7.2565484046936039},"rotation":{"x":0.16872060298919679,"y":0.05645494908094406,"z":-0.009679882787168026,"w":0.9839982986450195},"size":5.842131614685059,"orthographic":false}