{"cameraMode":{"drawMode":0,"name":"Shaded","section":"Shading Mode"},"sceneLighting":false,"audioPlay":false,"sceneViewState":{"showFog":true,"showMaterialUpdate":false,"showSkybox":true,"showFlares":true,"showImageEffects":true,"showParticleSystems":true},"in2DMode":false,"pivot":{"x":1.9815912246704102,"y":1.6738313436508179,"z":6.588509559631348},"rotation":{"x":0.03012131154537201,"y":0.11102892458438873,"z":-0.0033667520619928838,"w":0.9933549165725708},"size":8.099562644958496,"orthographic":false}