{"cameraMode":{"drawMode":0,"name":"Shaded","section":"Shading Mode"},"sceneLighting":false,"audioPlay":false,"sceneViewState":{"showFog":true,"showMaterialUpdate":false,"showSkybox":true,"showFlares":true,"showImageEffects":true,"showParticleSystems":true},"in2DMode":false,"pivot":{"x":-1.1568570137023926,"y":1.4617327451705933,"z":0.14463570713996888},"rotation":{"x":0.21670787036418916,"y":-0.6239233016967773,"z":0.18583448231220246,"w":0.7274771928787231},"size":3.9889509677886965,"orthographic":false}