{"cameraMode":{"drawMode":0,"name":"Shaded","section":"Shading Mode"},"sceneLighting":false,"audioPlay":false,"sceneViewState":{"showFog":true,"showMaterialUpdate":false,"showSkybox":true,"showFlares":true,"showImageEffects":true,"showParticleSystems":true},"in2DMode":false,"pivot":{"x":-0.24619901180267335,"y":1.885581135749817,"z":1.2312196493148804},"rotation":{"x":-0.19115158915519715,"y":0.10756324976682663,"z":-0.02105827070772648,"w":-0.9754219055175781},"size":2.430478096008301,"orthographic":false}