{"cameraMode":{"drawMode":0,"name":"Shaded","section":"Shading Mode"},"sceneLighting":false,"audioPlay":false,"sceneViewState":{"showFog":true,"showMaterialUpdate":false,"showSkybox":true,"showFlares":true,"showImageEffects":true,"showParticleSystems":true},"in2DMode":false,"pivot":{"x":-0.05170625448226929,"y":-1.3682007789611817,"z":17.495162963867189},"rotation":{"x":-0.10333503782749176,"y":0.0048046959564089779,"z":-0.00047745282063260674,"w":-0.9946349263191223},"size":21.91537094116211,"orthographic":false}