{"cameraMode":{"drawMode":0,"name":"Shaded","section":"Shading Mode"},"sceneLighting":false,"audioPlay":false,"sceneViewState":{"showFog":true,"showMaterialUpdate":false,"showSkybox":true,"showFlares":true,"showImageEffects":true,"showParticleSystems":true},"in2DMode":false,"pivot":{"x":-0.37538769841194155,"y":-0.3467991352081299,"z":-0.8899514675140381},"rotation":{"x":0.015238756313920021,"y":-0.9415037035942078,"z":0.3339047133922577,"w":0.042968641966581348},"size":7.396622657775879,"orthographic":false}