{"cameraMode":{"drawMode":0,"name":"Shaded","section":"Shading Mode"},"sceneLighting":false,"audioPlay":false,"sceneViewState":{"showFog":true,"showMaterialUpdate":false,"showSkybox":true,"showFlares":true,"showImageEffects":true,"showParticleSystems":true},"in2DMode":false,"pivot":{"x":0.7482413053512573,"y":1.0379064083099366,"z":4.605178356170654},"rotation":{"x":-0.03597574308514595,"y":-0.04013712331652641,"z":0.0014664842747151852,"w":-0.998545229434967},"size":7.18930196762085,"orthographic":false}