{"cameraMode":{"drawMode":0,"name":"Shaded","section":"Shading Mode"},"sceneLighting":false,"audioPlay":false,"sceneViewState":{"showFog":true,"showMaterialUpdate":false,"showSkybox":true,"showFlares":true,"showImageEffects":true,"showParticleSystems":true},"in2DMode":false,"pivot":{"x":0.664574146270752,"y":-0.3643217086791992,"z":4.1102094650268559},"rotation":{"x":-0.24312618374824525,"y":-0.05638588219881058,"z":0.014179238118231297,"w":-0.9682506322860718},"size":8.65804386138916,"orthographic":false}