{"cameraMode":{"drawMode":0,"name":"Shaded","section":"Shading Mode"},"sceneLighting":false,"audioPlay":false,"sceneViewState":{"showFog":true,"showMaterialUpdate":false,"showSkybox":true,"showFlares":true,"showImageEffects":true,"showParticleSystems":true},"in2DMode":false,"pivot":{"x":-1.8299894332885743,"y":0.6536790728569031,"z":-1.322374701499939},"rotation":{"x":-0.1962851881980896,"y":0.6870859265327454,"z":-0.20130087435245515,"w":-0.6699724197387695},"size":1.8785367012023926,"orthographic":false}