{"cameraMode":{"drawMode":0,"name":"Shaded","section":"Shading Mode"},"sceneLighting":false,"audioPlay":false,"sceneViewState":{"showFog":true,"showMaterialUpdate":false,"showSkybox":true,"showFlares":true,"showImageEffects":true,"showParticleSystems":true},"in2DMode":false,"pivot":{"x":-1.768183946609497,"y":0.5149840116500855,"z":0.025013528764247896},"rotation":{"x":-0.21363519132137299,"y":0.6860321164131165,"z":-0.2224070131778717,"w":-0.6589803099632263},"size":2.1785366535186769,"orthographic":false}