{"cameraMode":{"drawMode":0,"name":"Shaded","section":"Shading Mode"},"sceneLighting":false,"audioPlay":false,"sceneViewState":{"showFog":true,"showMaterialUpdate":false,"showSkybox":true,"showFlares":true,"showImageEffects":true,"showParticleSystems":true},"in2DMode":false,"pivot":{"x":-0.2505134344100952,"y":-0.2586555480957031,"z":1.5482563972473145},"rotation":{"x":0.2768334150314331,"y":0.007763529662042856,"z":-0.002256494713947177,"w":0.9608839154243469},"size":5.562289237976074,"orthographic":false}