{"cameraMode":{"drawMode":0,"name":"Shaded","section":"Shading Mode"},"sceneLighting":false,"audioPlay":false,"sceneViewState":{"showFog":true,"showMaterialUpdate":false,"showSkybox":true,"showFlares":true,"showImageEffects":true,"showParticleSystems":true},"in2DMode":false,"pivot":{"x":-6.216548442840576,"y":-7.64453125,"z":15.492317199707032},"rotation":{"x":-0.23939736187458039,"y":0.17824885249137879,"z":-0.04473784193396568,"w":-0.9533702731132507},"size":19.046470642089845,"orthographic":false}