{"cameraMode":{"drawMode":0,"name":"Shaded","section":"Shading Mode"},"sceneLighting":false,"audioPlay":false,"sceneViewState":{"showFog":true,"showMaterialUpdate":false,"showSkybox":true,"showFlares":true,"showImageEffects":true,"showParticleSystems":true},"in2DMode":false,"pivot":{"x":0.01819726824760437,"y":2.3520097732543947,"z":5.507277011871338},"rotation":{"x":0.008976881392300129,"y":-0.01617036946117878,"z":-0.0001235465897480026,"w":-0.9998289942741394},"size":5.051555156707764,"orthographic":false}