{"cameraMode":{"drawMode":0,"name":"Shaded","section":"Shading Mode"},"sceneLighting":false,"audioPlay":false,"sceneViewState":{"showFog":true,"showMaterialUpdate":false,"showSkybox":true,"showFlares":true,"showImageEffects":true,"showParticleSystems":true},"in2DMode":false,"pivot":{"x":0.3092392683029175,"y":-2.690585136413574,"z":11.091156959533692},"rotation":{"x":-0.1849478930234909,"y":-0.004095784388482571,"z":0.000792797829490155,"w":-0.9827395081520081},"size":13.251460075378418,"orthographic":false}