{"cameraMode":{"drawMode":0,"name":"Shaded","section":"Shading Mode"},"sceneLighting":false,"audioPlay":false,"sceneViewState":{"showFog":true,"showMaterialUpdate":false,"showSkybox":true,"showFlares":true,"showImageEffects":true,"showParticleSystems":true},"in2DMode":false,"pivot":{"x":1.1040446758270264,"y":-7.189180374145508,"z":10.107446670532227},"rotation":{"x":-0.3647930324077606,"y":-0.022029630839824678,"z":0.008657030761241913,"w":-0.9307877421379089},"size":15.556772232055664,"orthographic":false}