{"cameraMode":{"drawMode":0,"name":"Shaded","section":"Shading Mode"},"sceneLighting":false,"audioPlay":false,"sceneViewState":{"showFog":true,"showMaterialUpdate":false,"showSkybox":true,"showFlares":true,"showImageEffects":true,"showParticleSystems":true},"in2DMode":false,"pivot":{"x":0.1749090850353241,"y":2.056457996368408,"z":1.0372024774551392},"rotation":{"x":-0.10173501074314118,"y":0.04657023027539253,"z":-0.004746012855321169,"w":-0.9937096238136292},"size":3.758378267288208,"orthographic":false}