{"cameraMode":{"drawMode":0,"name":"Shaded","section":"Shading Mode"},"sceneLighting":false,"audioPlay":false,"sceneViewState":{"showFog":true,"showMaterialUpdate":false,"showSkybox":true,"showFlares":true,"showImageEffects":true,"showParticleSystems":true},"in2DMode":false,"pivot":{"x":-1.3635334968566895,"y":-1.108190655708313,"z":2.015245199203491},"rotation":{"x":-0.24139776825904847,"y":0.6343083381652832,"z":-0.21833056211471559,"w":-0.7012217044830322},"size":2.0584185123443605,"orthographic":false}