{"cameraMode":{"drawMode":0,"name":"Shaded","section":"Shading Mode"},"sceneLighting":false,"audioPlay":false,"sceneViewState":{"showFog":true,"showMaterialUpdate":false,"showSkybox":true,"showFlares":true,"showImageEffects":true,"showParticleSystems":true},"in2DMode":false,"pivot":{"x":1.2012752294540406,"y":1.698687195777893,"z":0.3491933345794678},"rotation":{"x":0.04639451578259468,"y":0.06347258388996124,"z":-0.0029729960951954128,"w":0.996900200843811},"size":2.549614667892456,"orthographic":false}