{"cameraMode":{"drawMode":0,"name":"Shaded","section":"Shading Mode"},"sceneLighting":false,"audioPlay":false,"sceneViewState":{"showFog":true,"showMaterialUpdate":false,"showSkybox":true,"showFlares":true,"showImageEffects":true,"showParticleSystems":true},"in2DMode":false,"pivot":{"x":-2.271872043609619,"y":1.7704074382781983,"z":2.300238847732544},"rotation":{"x":0.1744631826877594,"y":-0.34992849826812746,"z":0.06650417298078537,"w":0.9179814457893372},"size":1.617128849029541,"orthographic":false}