{"cameraMode":{"drawMode":0,"name":"Shaded","section":"Shading Mode"},"sceneLighting":false,"audioPlay":false,"sceneViewState":{"showFog":true,"showMaterialUpdate":false,"showSkybox":true,"showFlares":true,"showImageEffects":true,"showParticleSystems":true},"in2DMode":false,"pivot":{"x":-3.637415647506714,"y":-6.53076171875,"z":15.526782035827637},"rotation":{"x":-0.2337213158607483,"y":0.09349546581506729,"z":-0.02256278321146965,"w":-0.9675349593162537},"size":18.71413230895996,"orthographic":false}