{"cameraMode":{"drawMode":0,"name":"Shaded","section":"Shading Mode"},"sceneLighting":false,"audioPlay":false,"sceneViewState":{"showFog":true,"showMaterialUpdate":false,"showSkybox":true,"showFlares":true,"showImageEffects":true,"showParticleSystems":true},"in2DMode":false,"pivot":{"x":-0.10871702432632446,"y":0.45876193046569826,"z":-0.5853695869445801},"rotation":{"x":0.20746348798274995,"y":-0.7376989126205444,"z":0.5872257351875305,"w":0.2606247663497925},"size":2.5578837394714357,"orthographic":false}