{"cameraMode":{"drawMode":0,"name":"Shaded","section":"Shading Mode"},"sceneLighting":false,"audioPlay":false,"sceneViewState":{"showFog":true,"showMaterialUpdate":false,"showSkybox":true,"showFlares":true,"showImageEffects":true,"showParticleSystems":true},"in2DMode":false,"pivot":{"x":1.4008105993270875,"y":0.9174249172210693,"z":2.4734091758728029},"rotation":{"x":-0.18343546986579896,"y":-0.0188425462692976,"z":0.0035375659354031088,"w":-0.9828448295593262},"size":5.976229667663574,"orthographic":false}