{"cameraMode":{"drawMode":0,"name":"Shaded","section":"Shading Mode"},"sceneLighting":false,"audioPlay":false,"sceneViewState":{"showFog":true,"showMaterialUpdate":false,"showSkybox":true,"showFlares":true,"showImageEffects":true,"showParticleSystems":true},"in2DMode":false,"pivot":{"x":3.0761263370513918,"y":-0.18470919132232667,"z":7.46798849105835},"rotation":{"x":-0.055385615676641467,"y":-0.23408910632133485,"z":0.01337883248925209,"w":-0.9705440402030945},"size":10.047117233276368,"orthographic":false}