{"cameraMode":{"drawMode":0,"name":"Shaded","section":"Shading Mode"},"sceneLighting":false,"audioPlay":false,"sceneViewState":{"showFog":true,"showMaterialUpdate":false,"showSkybox":true,"showFlares":true,"showImageEffects":true,"showParticleSystems":true},"in2DMode":false,"pivot":{"x":0.11385577917098999,"y":2.6074934005737306,"z":1.599271535873413},"rotation":{"x":-0.3034462332725525,"y":0.24529258906841279,"z":-0.08113446831703186,"w":-0.9171527624130249},"size":0.6106723546981812,"orthographic":false}