{"cameraMode":{"drawMode":0,"name":"Shaded","section":"Shading Mode"},"sceneLighting":false,"audioPlay":false,"sceneViewState":{"showFog":true,"showMaterialUpdate":false,"showSkybox":true,"showFlares":true,"showImageEffects":true,"showParticleSystems":true},"in2DMode":false,"pivot":{"x":-1.367159366607666,"y":-3.2400498390197756,"z":9.741896629333496},"rotation":{"x":0.1859736144542694,"y":-0.06895525753498078,"z":0.013061776757240296,"w":0.9800451397895813},"size":12.427874565124512,"orthographic":false}