{"cameraMode":{"drawMode":0,"name":"Shaded","section":"Shading Mode"},"sceneLighting":false,"audioPlay":false,"sceneViewState":{"showFog":true,"showMaterialUpdate":false,"showSkybox":true,"showFlares":true,"showImageEffects":true,"showParticleSystems":true},"in2DMode":false,"pivot":{"x":-0.13096138834953309,"y":1.9722508192062379,"z":4.658107280731201},"rotation":{"x":-0.014883187599480152,"y":0.13043850660324098,"z":-0.001938552362844348,"w":-0.9913428425788879},"size":5.333603382110596,"orthographic":false}