{"cameraMode":{"drawMode":0,"name":"Shaded","section":"Shading Mode"},"sceneLighting":false,"audioPlay":false,"sceneViewState":{"showFog":true,"showMaterialUpdate":false,"showSkybox":true,"showFlares":true,"showImageEffects":true,"showParticleSystems":true},"in2DMode":false,"pivot":{"x":0.0010408865055069328,"y":1.0301514863967896,"z":0.7826368808746338},"rotation":{"x":-0.13459879159927369,"y":0.001809614710509777,"z":-0.00022634855122305453,"w":-0.9908985495567322},"size":0.45788395404815676,"orthographic":false}