{"cameraMode":{"drawMode":0,"name":"Shaded","section":"Shading Mode"},"sceneLighting":false,"audioPlay":false,"sceneViewState":{"showFog":true,"showMaterialUpdate":false,"showSkybox":true,"showFlares":true,"showImageEffects":true,"showParticleSystems":true},"in2DMode":false,"pivot":{"x":0.7231304049491882,"y":1.1834144592285157,"z":5.089649677276611},"rotation":{"x":-0.000009284653970098589,"y":-0.00867424439638853,"z":0.000019652456103358418,"w":-0.9999623894691467},"size":7.058588027954102,"orthographic":false}