{"cameraMode":{"drawMode":0,"name":"Shaded","section":"Shading Mode"},"sceneLighting":false,"audioPlay":false,"sceneViewState":{"showFog":true,"showMaterialUpdate":false,"showSkybox":true,"showFlares":true,"showImageEffects":true,"showParticleSystems":true},"in2DMode":false,"pivot":{"x":0.4522898495197296,"y":-3.1817405223846437,"z":3.741330623626709},"rotation":{"x":-0.4484400153160095,"y":-0.0010375747224316,"z":0.0005447787698358297,"w":-0.8938121795654297},"size":8.783684730529786,"orthographic":false}