{"cameraMode":{"drawMode":0,"name":"Shaded","section":"Shading Mode"},"sceneLighting":false,"audioPlay":false,"sceneViewState":{"showFog":true,"showMaterialUpdate":false,"showSkybox":true,"showFlares":true,"showImageEffects":true,"showParticleSystems":true},"in2DMode":false,"pivot":{"x":-0.21985191106796266,"y":0.1381942331790924,"z":1.9030249118804932},"rotation":{"x":-0.19351725280284882,"y":0.6962793469429016,"z":-0.20399627089500428,"w":-0.6604027152061462},"size":0.7403361201286316,"orthographic":false}