{"cameraMode":{"drawMode":0,"name":"Shaded","section":"Shading Mode"},"sceneLighting":false,"audioPlay":false,"sceneViewState":{"showFog":true,"showMaterialUpdate":false,"showSkybox":true,"showFlares":true,"showImageEffects":true,"showParticleSystems":true},"in2DMode":false,"pivot":{"x":-2.29879093170166,"y":0.275199294090271,"z":2.02567720413208},"rotation":{"x":-0.14343439042568208,"y":0.3799785375595093,"z":-0.05974860489368439,"w":-0.9118514060974121},"size":5.875219345092773,"orthographic":false}