{"cameraMode":{"drawMode":0,"name":"Shaded","section":"Shading Mode"},"sceneLighting":false,"audioPlay":false,"sceneViewState":{"showFog":true,"showMaterialUpdate":false,"showSkybox":true,"showFlares":true,"showImageEffects":true,"showParticleSystems":true},"in2DMode":false,"pivot":{"x":0.1457093060016632,"y":2.9074113368988039,"z":0.016279220581054689},"rotation":{"x":-0.0030157973524183037,"y":-0.004171926062554121,"z":0.0000331835362885613,"w":-0.9999867677688599},"size":10.610771179199219,"orthographic":false}