{"cameraMode":{"drawMode":0,"name":"Shaded","section":"Shading Mode"},"sceneLighting":false,"audioPlay":false,"sceneViewState":{"showFog":true,"showMaterialUpdate":false,"showSkybox":true,"showFlares":true,"showImageEffects":true,"showParticleSystems":true},"in2DMode":false,"pivot":{"x":0.2610229253768921,"y":0.6674654483795166,"z":5.234588623046875},"rotation":{"x":-0.10631655901670456,"y":0.009277796372771263,"z":-0.0009702767129056156,"w":-0.9942886233329773},"size":7.127610206604004,"orthographic":false}