{"cameraMode":{"drawMode":0,"name":"Shaded","section":"Shading Mode"},"sceneLighting":false,"audioPlay":false,"sceneViewState":{"showFog":true,"showMaterialUpdate":false,"showSkybox":true,"showFlares":true,"showImageEffects":true,"showParticleSystems":true},"in2DMode":false,"pivot":{"x":0.35399919748306277,"y":-0.0908241868019104,"z":3.1782026290893556},"rotation":{"x":0.16681362688541413,"y":0.09038601070642472,"z":-0.015358196571469307,"w":0.9817167520523071},"size":6.568612098693848,"orthographic":false}