{"cameraMode":{"drawMode":0,"name":"Shaded","section":"Shading Mode"},"sceneLighting":false,"audioPlay":false,"sceneViewState":{"showFog":true,"showMaterialUpdate":false,"showSkybox":true,"showFlares":true,"showImageEffects":true,"showParticleSystems":true},"in2DMode":false,"pivot":{"x":-2.7356958389282228,"y":-1.4491524696350098,"z":5.722422122955322},"rotation":{"x":0.16320563852787019,"y":-0.2796483039855957,"z":0.04827773571014404,"w":0.9448968172073364},"size":7.300089359283447,"orthographic":false}