{"cameraMode":{"drawMode":0,"name":"Shaded","section":"Shading Mode"},"sceneLighting":false,"audioPlay":false,"sceneViewState":{"showFog":true,"showMaterialUpdate":false,"showSkybox":true,"showFlares":true,"showImageEffects":true,"showParticleSystems":true},"in2DMode":false,"pivot":{"x":-1.1252343654632569,"y":-0.12795519828796388,"z":4.881755828857422},"rotation":{"x":-0.20994225144386292,"y":0.007658503018319607,"z":-0.0016224016435444356,"w":-0.9776824712753296},"size":8.534220695495606,"orthographic":false}