{"cameraMode":{"drawMode":0,"name":"Shaded","section":"Shading Mode"},"sceneLighting":false,"audioPlay":false,"sceneViewState":{"showFog":true,"showMaterialUpdate":false,"showSkybox":true,"showFlares":true,"showImageEffects":true,"showParticleSystems":true},"in2DMode":false,"pivot":{"x":-0.7123081088066101,"y":0.2845625877380371,"z":3.2924299240112306},"rotation":{"x":-0.21997737884521485,"y":0.04420546814799309,"z":-0.009956948459148407,"w":-0.9744520783424377},"size":8.143227577209473,"orthographic":false}