{"cameraMode":{"drawMode":0,"name":"Shaded","section":"Shading Mode"},"sceneLighting":false,"audioPlay":false,"sceneViewState":{"showFog":true,"showMaterialUpdate":false,"showSkybox":true,"showFlares":true,"showImageEffects":true,"showParticleSystems":true},"in2DMode":false,"pivot":{"x":-1.3333582878112794,"y":1.8992455005645753,"z":4.746410369873047},"rotation":{"x":-0.13299399614334107,"y":0.34761902689933779,"z":-0.0498596616089344,"w":-0.9268158674240112},"size":3.1152002811431886,"orthographic":false}