{"cameraMode":{"drawMode":0,"name":"Shaded","section":"Shading Mode"},"sceneLighting":false,"audioPlay":false,"sceneViewState":{"showFog":true,"showMaterialUpdate":false,"showSkybox":true,"showFlares":true,"showImageEffects":true,"showParticleSystems":true},"in2DMode":false,"pivot":{"x":0.5216201543807983,"y":1.8256564140319825,"z":-1.2711167335510255},"rotation":{"x":-0.10173501074314118,"y":0.04657023027539253,"z":-0.004746012855321169,"w":-0.9937096238136292},"size":2.7822439670562746,"orthographic":false}