{"cameraMode":{"drawMode":0,"name":"Shaded","section":"Shading Mode"},"sceneLighting":false,"audioPlay":false,"sceneViewState":{"showFog":true,"showMaterialUpdate":false,"showSkybox":true,"showFlares":true,"showImageEffects":true,"showParticleSystems":true},"in2DMode":false,"pivot":{"x":0.007096230983734131,"y":0.4574688673019409,"z":0.18538355827331544},"rotation":{"x":-0.18364325165748597,"y":0.11650723218917847,"z":-0.02190486341714859,"w":-0.9758183360099793},"size":4.845234394073486,"orthographic":false}