{"cameraMode":{"drawMode":0,"name":"Shaded","section":"Shading Mode"},"sceneLighting":false,"audioPlay":false,"sceneViewState":{"showFog":true,"showMaterialUpdate":false,"showSkybox":true,"showFlares":true,"showImageEffects":true,"showParticleSystems":true},"in2DMode":false,"pivot":{"x":-0.9018147587776184,"y":0.9223973751068115,"z":0.8111593723297119},"rotation":{"x":-0.2547277808189392,"y":0.18459917604923249,"z":-0.04958400875329971,"w":-0.9479337334632874},"size":5.430478572845459,"orthographic":false}