{"cameraMode":{"drawMode":0,"name":"Shaded","section":"Shading Mode"},"sceneLighting":false,"audioPlay":false,"sceneViewState":{"showFog":true,"showMaterialUpdate":false,"showSkybox":true,"showFlares":true,"showImageEffects":true,"showParticleSystems":true},"in2DMode":false,"pivot":{"x":0.3445265591144562,"y":2.4356164932250978,"z":8.450377464294434},"rotation":{"x":0.04945709928870201,"y":-0.023644838482141496,"z":-0.001151588512584567,"w":-0.9984956979751587},"size":4.569935321807861,"orthographic":false}