{"cameraMode":{"drawMode":0,"name":"Shaded","section":"Shading Mode"},"sceneLighting":false,"audioPlay":false,"sceneViewState":{"showFog":true,"showMaterialUpdate":false,"showSkybox":true,"showFlares":true,"showImageEffects":true,"showParticleSystems":true},"in2DMode":false,"pivot":{"x":-0.19044268131256104,"y":1.490121603012085,"z":5.7563371658325199},"rotation":{"x":-0.13939949870109559,"y":0.30395960807800295,"z":-0.04499087855219841,"w":-0.9413565993309021},"size":3.1808979511260988,"orthographic":false}