{"cameraMode":{"drawMode":0,"name":"Shaded","section":"Shading Mode"},"sceneLighting":false,"audioPlay":false,"sceneViewState":{"showFog":true,"showMaterialUpdate":false,"showSkybox":true,"showFlares":true,"showImageEffects":true,"showParticleSystems":true},"in2DMode":false,"pivot":{"x":-0.43244031071662905,"y":-2.8895719051361086,"z":3.380352258682251},"rotation":{"x":-0.385329931974411,"y":0.043196652084589007,"z":-0.018037613481283189,"w":-0.9215908050537109},"size":7.952065944671631,"orthographic":false}