{"cameraMode":{"drawMode":0,"name":"Shaded","section":"Shading Mode"},"sceneLighting":false,"audioPlay":false,"sceneViewState":{"showFog":true,"showMaterialUpdate":false,"showSkybox":true,"showFlares":true,"showImageEffects":true,"showParticleSystems":true},"in2DMode":false,"pivot":{"x":-0.12105211615562439,"y":1.2869999408721924,"z":1.0289863348007203},"rotation":{"x":-0.09575489908456803,"y":0.04808592423796654,"z":-0.00461070891469717,"w":-0.9942321181297302},"size":5.09248685836792,"orthographic":false}