{"cameraMode":{"drawMode":0,"name":"Shaded","section":"Shading Mode"},"sceneLighting":false,"audioPlay":false,"sceneViewState":{"showFog":true,"showMaterialUpdate":false,"showSkybox":true,"showFlares":true,"showImageEffects":true,"showParticleSystems":true},"in2DMode":false,"pivot":{"x":0.24644017219543458,"y":3.082054853439331,"z":3.3265199661254885},"rotation":{"x":-0.3892802298069,"y":0.3536008894443512,"z":-0.16494455933570863,"w":-0.8343983292579651},"size":1.3779489994049073,"orthographic":false}