{"cameraMode":{"drawMode":0,"name":"Shaded","section":"Shading Mode"},"sceneLighting":false,"audioPlay":false,"sceneViewState":{"showFog":true,"showMaterialUpdate":false,"showSkybox":true,"showFlares":true,"showImageEffects":true,"showParticleSystems":true},"in2DMode":false,"pivot":{"x":0.4342128038406372,"y":-0.4207465648651123,"z":4.7743730545043949},"rotation":{"x":-0.20994225144386292,"y":0.007658503018319607,"z":-0.0016224016435444356,"w":-0.9776824712753296},"size":8.051654815673829,"orthographic":false}