{"cameraMode":{"drawMode":0,"name":"Shaded","section":"Shading Mode"},"sceneLighting":false,"audioPlay":false,"sceneViewState":{"showFog":true,"showMaterialUpdate":false,"showSkybox":true,"showFlares":true,"showImageEffects":true,"showParticleSystems":true},"in2DMode":false,"pivot":{"x":-4.8810319900512699,"y":-0.5179417133331299,"z":2.467351198196411},"rotation":{"x":-0.07019256800413132,"y":0.5677711963653565,"z":-0.048652250319719318,"w":-0.8187441229820252},"size":8.32129955291748,"orthographic":false}