{"cameraMode":{"drawMode":0,"name":"Shaded","section":"Shading Mode"},"sceneLighting":false,"audioPlay":false,"sceneViewState":{"showFog":true,"showMaterialUpdate":false,"showSkybox":true,"showFlares":true,"showImageEffects":true,"showParticleSystems":true},"in2DMode":false,"pivot":{"x":-1.6745911836624146,"y":-0.08896410465240479,"z":2.3049697875976564},"rotation":{"x":-0.23647792637348176,"y":0.290762722492218,"z":-0.07438285648822785,"w":-0.9241225719451904},"size":2.845064640045166,"orthographic":false}