{"cameraMode":{"drawMode":0,"name":"Shaded","section":"Shading Mode"},"sceneLighting":false,"audioPlay":false,"sceneViewState":{"showFog":true,"showMaterialUpdate":false,"showSkybox":true,"showFlares":true,"showImageEffects":true,"showParticleSystems":true},"in2DMode":false,"pivot":{"x":-0.8803174495697022,"y":0.7596015334129334,"z":-0.9491512179374695},"rotation":{"x":-0.4624579846858978,"y":0.5359001159667969,"z":-0.47002285718917849,"w":-0.5272782444953919},"size":1.383015513420105,"orthographic":true}