{"cameraMode":{"drawMode":0,"name":"Shaded","section":"Shading Mode"},"sceneLighting":false,"audioPlay":false,"sceneViewState":{"showFog":true,"showMaterialUpdate":false,"showSkybox":true,"showFlares":true,"showImageEffects":true,"showParticleSystems":true},"in2DMode":false,"pivot":{"x":0.32529333233833315,"y":-0.010632038116455078,"z":2.1697239875793459},"rotation":{"x":0.2768334150314331,"y":0.007763529662042856,"z":-0.002256494713947177,"w":0.9608839154243469},"size":5.0010271072387699,"orthographic":false}