{"cameraMode":{"drawMode":0,"name":"Shaded","section":"Shading Mode"},"sceneLighting":false,"audioPlay":false,"sceneViewState":{"showFog":true,"showMaterialUpdate":false,"showSkybox":true,"showFlares":true,"showImageEffects":true,"showParticleSystems":true},"in2DMode":false,"pivot":{"x":-0.5773123502731323,"y":-0.09778463840484619,"z":1.625377893447876},"rotation":{"x":-0.14192798733711244,"y":0.8226759433746338,"z":-0.23434977233409882,"w":-0.4981374442577362},"size":2.1500179767608644,"orthographic":false}