{"cameraMode":{"drawMode":0,"name":"Shaded","section":"Shading Mode"},"sceneLighting":false,"audioPlay":false,"sceneViewState":{"showFog":true,"showMaterialUpdate":false,"showSkybox":true,"showFlares":true,"showImageEffects":true,"showParticleSystems":true},"in2DMode":false,"pivot":{"x":-0.19131091237068177,"y":1.4669897556304932,"z":4.362299919128418},"rotation":{"x":-0.0030157973524183037,"y":-0.004171926062554121,"z":0.0000331835362885613,"w":-0.9999867677688599},"size":5.7450385093688969,"orthographic":false}