{"cameraMode":{"drawMode":0,"name":"Shaded","section":"Shading Mode"},"sceneLighting":false,"audioPlay":false,"sceneViewState":{"showFog":true,"showMaterialUpdate":false,"showSkybox":true,"showFlares":true,"showImageEffects":true,"showParticleSystems":true},"in2DMode":false,"pivot":{"x":-1.832310438156128,"y":0.20803415775299073,"z":5.727139949798584},"rotation":{"x":0.07976990193128586,"y":-0.16756342351436616,"z":0.013584783300757409,"w":0.9825348258018494},"size":8.282427787780762,"orthographic":false}