{"cameraMode":{"drawMode":0,"name":"Shaded","section":"Shading Mode"},"sceneLighting":false,"audioPlay":false,"sceneViewState":{"showFog":true,"showMaterialUpdate":false,"showSkybox":true,"showFlares":true,"showImageEffects":true,"showParticleSystems":true},"in2DMode":false,"pivot":{"x":0.720580518245697,"y":1.5895916223526,"z":0.4538995623588562},"rotation":{"x":-0.027872106060385705,"y":0.21015872061252595,"z":-0.005974190775305033,"w":-0.9772516489028931},"size":2.6351659297943117,"orthographic":false}