{"cameraMode":{"drawMode":0,"name":"Shaded","section":"Shading Mode"},"sceneLighting":false,"audioPlay":false,"sceneViewState":{"showFog":true,"showMaterialUpdate":false,"showSkybox":true,"showFlares":true,"showImageEffects":true,"showParticleSystems":true},"in2DMode":false,"pivot":{"x":-0.10268479585647583,"y":0.4472421407699585,"z":2.8679592609405519},"rotation":{"x":0.11664064973592758,"y":-0.5254966020584106,"z":0.07297737151384354,"w":0.8395967483520508},"size":2.0807087421417238,"orthographic":false}