{"cameraMode":{"drawMode":0,"name":"Shaded","section":"Shading Mode"},"sceneLighting":false,"audioPlay":false,"sceneViewState":{"showFog":true,"showMaterialUpdate":false,"showSkybox":true,"showFlares":true,"showImageEffects":true,"showParticleSystems":true},"in2DMode":false,"pivot":{"x":0.030618786811828615,"y":1.5056307315826417,"z":4.336081504821777},"rotation":{"x":-0.37673962116241457,"y":0.5693368315696716,"z":-0.32862505316734316,"w":-0.652631938457489},"size":1.5752437114715577,"orthographic":false}