{"cameraMode":{"drawMode":0,"name":"Shaded","section":"Shading Mode"},"sceneLighting":false,"audioPlay":false,"sceneViewState":{"showFog":true,"showMaterialUpdate":false,"showSkybox":true,"showFlares":true,"showImageEffects":true,"showParticleSystems":true},"in2DMode":false,"pivot":{"x":5.960464477539063e-8,"y":1.8999998569488526,"z":4.5},"rotation":{"x":-0.1900104284286499,"y":-0.0908394530415535,"z":0.017679087817668916,"w":-0.9774107336997986},"size":2.3336029052734377,"orthographic":false}